DATE,COVID_TEST,DAILY_DELTA_TESTS,DAILY_BASE_TESTS,COVID_DEATHS,DAILY_DELTA_DEATHS,DAILY_BASE_DEATHS,COVID_COUNT,DAILY_DELTA_CASES,DAILY_BASE_CASES,COVID_COUNT_CUMSUM,COVID_DEATHS_CUMSUM,COVID_TEST_CUMSUM,pos_rate,death_03da,death_05da,death_07da,death_15da,death_21da,test_03da,test_05da,test_07da,test_15da,test_21da,case_03da,case_05da,case_07da,case_15da,case_21da,pos_rate_03da,pos_rate_05da,pos_rate_07da,pos_rate_15da,pos_rate_21da,name
2020-03-03,4,0,4,0,0,0,0,0,0,0,0,9,0,0,0,0,NA,NA,3.3,2.6,2.9,NA,NA,0,0,0.1,NA,NA,0,0,0,NA,NA,Indiana
2020-03-04,4,0,4,0,0,0,0,0,0,0,0,13,0,0,0,0,NA,NA,3.3,3.6,3.4,NA,NA,0,0.2,0.1,NA,NA,0,0,0,NA,NA,Indiana
2020-03-05,2,0,2,0,0,0,0,0,0,0,0,15,0,0,0,0,NA,NA,4,4.2,4.6,NA,NA,0.3,0.2,0.6,NA,NA,0.1,0,0.1,NA,NA,Indiana
2020-03-06,6,0,6,0,0,0,1,0,1,1,0,21,0.2,0,0,0,0,NA,4.3,5.2,7.9,41.1,NA,0.3,0.8,0.7,1,NA,0.1,0.1,0.1,0,NA,Indiana
2020-03-07,5,0,5,0,0,0,0,0,0,1,0,26,0,0,0,0,0,NA,6.7,9.4,14.7,59.6,NA,1.3,1,1.4,1,NA,0.2,0.1,0.1,0,NA,Indiana
2020-03-08,9,0,9,0,0,0,3,0,3,4,0,35,0.3,0,0,0,0.1,NA,13,19.4,22.7,69.2,NA,1.3,2,1.6,1.7,NA,0.1,0.1,0.1,0,NA,Indiana
2020-03-09,25,0,25,0,0,0,1,0,1,5,0,60,0,0,0,0,0.1,0.2,28.7,30.2,50.7,112.6,208.9,3,2,1.7,2,3.8,0.2,0.1,0.1,0.1,0,Indiana
2020-03-10,52,0,52,0,0,0,5,0,5,10,0,112,0.1,0,0,0,0.3,0.4,45.7,68.8,85.1,161.9,291.6,2.3,2.2,2,2.6,5.9,0.1,0.1,0.1,0.1,0,Indiana
2020-03-11,60,0,60,0,0,0,1,0,1,11,0,172,0,0,0,0,0.3,0.7,103.3,116.4,124.1,219.7,324.8,2.3,2.2,2,3.7,9.5,0,0,0.1,0.1,0,Indiana
2020-03-12,198,0,198,0,0,0,1,0,1,12,0,370,0,0,0,0.1,0.3,0.9,168.3,167,143.6,291.5,373.4,1.7,2,3.1,5.3,12.2,0,0,0,0.1,0,Indiana
2020-03-13,247,0,247,0,0,0,3,0,3,15,0,617,0,0,0.2,0.3,0.6,1.1,241,185.6,233.1,407.3,442.8,1.3,3.2,3.6,8.3,17.2,0,0,0,0.1,0.1,Indiana
2020-03-14,278,0,278,0,0,0,0,0,0,15,0,895,0,0.3,0.4,0.6,0.9,1.4,223.3,304,331.6,453.4,519.2,4.7,3.8,4.1,13.2,22.6,0,0,0,0.1,0.1,Indiana
2020-03-15,145,0,145,1,0,1,11,0,11,26,1,1040,0.1,0.7,0.8,0.7,1.3,1.7,358.3,412.6,447.4,521.3,629.8,5,5.4,6.4,17,30.3,0,0,0,0.1,0.1,Indiana
2020-03-16,652,0,652,1,0,1,4,0,4,30,2,1692,0,1.3,1,0.7,1.6,2.1,512.7,537.4,573.7,617.9,753.9,8,8.2,9.6,23.8,44.7,0,0,0,0,0.1,Indiana
2020-03-17,741,0,741,2,0,2,9,0,9,39,4,2433,0,1.3,1,1.3,1.9,2.2,754.7,698.2,786.9,723.5,856.6,10,12.8,15.6,31.3,58.1,0,0,0,0,0.1,Indiana
2020-03-18,871,0,871,1,0,1,17,0,17,56,5,3304,0,1,1.6,2,2.3,2.8,898,1017,846.7,875.1,917.2,16.3,19.6,26.3,41.7,71.8,0,0,0,0,0.1,Indiana
2020-03-19,1082,0,1082,0,0,0,23,0,23,79,5,4386,0,1.7,2.4,2.6,2.9,3.6,1230.7,1026,972.1,1045,994.5,28.3,33.8,32.9,61.9,84.6,0,0,0,0,0.1,Indiana
2020-03-20,1739,0,1739,4,0,4,45,0,45,124,9,6125,0,3,3,3.1,3.1,4.3,1172.7,1082.4,1087.3,1176,1086.7,47.7,43.4,47.3,80.6,102.2,0.1,0,0,0.1,0.1,Indiana
2020-03-21,697,0,697,5,0,5,75,0,75,199,14,6822,0.1,4.7,3.8,3.6,3.9,5.4,1153,1199.8,1211.3,1244.7,1194.6,59,61,62.1,99.6,121.3,0.1,0.1,0.1,0.1,0.1,Indiana
2020-03-22,1023,0,1023,5,0,5,57,0,57,256,19,7845,0.1,5,4.8,4.3,5.1,6.4,1059.3,1305.2,1419.1,1335,1312.8,79,79,82.9,117.7,143.6,0.1,0.1,0.1,0.1,0.1,Indiana
2020-03-23,1458,0,1458,5,0,5,105,0,105,361,24,9303,0.1,5,5.2,5.6,6,7.5,1363.3,1422.6,1637.3,1456,1432,91.7,102.4,122.9,141.7,162.4,0.1,0.1,0.1,0.1,0.1,Indiana
2020-03-24,1609,0,1609,5,0,5,113,0,113,474,29,10912,0.1,5.3,6,5.4,7.4,9,1797.7,1805,1697.9,1567.1,1553.7,126.7,148,156.7,168.5,186.7,0.1,0.1,0.1,0.1,0.1,Indiana
2020-03-25,2326,0,2326,6,0,6,162,0,162,636,35,13238,0.1,6.7,5.6,6.3,8.7,10.2,2181.3,2033,1780.9,1687.2,1618.3,192.7,193,187.1,199.1,208.6,0.1,0.1,0.1,0.1,0.1,Indiana
2020-03-26,2609,0,2609,9,0,9,303,0,303,939,44,15847,0.1,6,6.8,8.1,10.1,11.8,2366,1997,1867.9,1809.2,1663.6,249,229.6,217.7,224.4,233.2,0.1,0.1,0.1,0.1,0.1,Indiana
2020-03-27,2163,0,2163,3,0,3,282,0,282,1221,47,18010,0.1,7.7,9.4,9.6,12.3,12.9,2016.7,2001.6,1939.6,1923.9,1748,291,261.2,255.9,257.1,259.5,0.2,0.1,0.1,0.1,0.1,Indiana
2020-03-28,1278,0,1278,11,0,11,288,0,288,1509,58,19288,0.2,10.7,11.2,12,13.7,14.5,1691,1928.4,2040.9,1917,1845.2,280.3,303.2,297.7,284.8,279.1,0.2,0.2,0.2,0.1,0.1,Indiana
2020-03-29,1632,0,1632,18,0,18,271,0,271,1780,76,20920,0.2,14.7,13.8,14.3,15.6,15.9,1623.3,1870.2,2071.9,1943.5,1950,310.3,323.8,341.4,314.9,298.4,0.2,0.2,0.2,0.2,0.2,Indiana
2020-03-30,1960,0,1960,15,0,15,372,0,372,2152,91,22880,0.2,18.3,17.6,16.1,16.9,17.6,1970,1946.2,2085,2037,2029.4,349.7,361,354.7,348.2,323.9,0.2,0.2,0.2,0.2,0.2,Indiana
2020-03-31,2318,0,2318,22,0,22,406,0,406,2558,113,25198,0.2,19.7,19.8,20.3,19,18.6,2273.7,2230.8,2176.3,2125.3,2076.5,415.3,382.6,387.7,369.3,346.2,0.2,0.2,0.2,0.2,0.2,Indiana
2020-04-01,2543,0,2543,22,0,22,468,0,468,3026,135,27741,0.2,22,22.6,22.3,20.6,19.3,2520.7,2464.8,2227.4,2222.9,2116.7,423.3,431,412.4,389.9,365.8,0.2,0.2,0.2,0.2,0.2,Indiana
2020-04-02,2701,0,2701,22,0,22,396,0,396,3422,157,30442,0.1,25.3,24.6,24.6,22.7,20.5,2682,2400,2150.7,2251.1,2101.3,459,448.8,449,416.3,378.3,0.2,0.2,0.2,0.2,0.2,Indiana
2020-04-03,2802,0,2802,32,0,32,513,0,513,3935,189,33244,0.2,26.3,27,26,23.7,21.9,2379.7,2155.4,2217.1,2258.9,2197.1,456.7,473,475.3,430.4,387.2,0.2,0.3,0.2,0.2,0.2,Indiana
2020-04-04,1636,0,1636,25,0,25,461,0,461,4396,214,34880,0.3,30.3,27.6,28,24.9,23.9,1844.3,2131.8,2283.4,2217.5,2293.3,500.3,490.6,477.6,444,401.7,0.3,0.3,0.2,0.2,0.2,Indiana
2020-04-05,1095,0,1095,34,0,34,527,0,527,4923,248,35975,0.5,28,30.4,29,26.1,25.4,1718.7,2148,2359.1,2178.9,2339.8,514.7,495.8,471,446.1,421.4,0.3,0.3,0.2,0.2,0.2,Indiana
2020-04-06,2425,0,2425,25,0,25,556,0,556,5479,273,38400,0.2,31.7,29.8,31.1,27.2,26.6,2100.7,2202.2,2366,2301.5,2406.2,501.7,477.6,494.1,447.5,435.5,0.3,0.3,0.2,0.2,0.2,Indiana
2020-04-07,2782,0,2782,36,0,36,422,0,422,5901,309,41182,0.2,30,32.2,30.1,29.3,28.1,2760,2424.8,2355.3,2412.7,2502,466.7,497,494.3,450.5,446.1,0.2,0.2,0.2,0.2,0.2,Indiana
2020-04-08,3073,0,3073,29,0,29,422,0,422,6323,338,44255,0.1,34,30.4,29.4,30.3,29,2868,2751.2,2341.9,2478.4,2525.5,467.3,494.4,497.9,461.9,458.9,0.2,0.2,0.2,0.2,0.2,Indiana
2020-04-09,2749,0,2749,37,0,37,558,0,558,6881,375,47004,0.2,30.3,29.4,28.7,31.1,29.9,2849.7,2574.6,2285.3,2575.7,2500.8,498,480.4,468.1,470.6,468.8,0.2,0.2,0.2,0.2,0.2,Indiana
2020-04-10,2727,0,2727,25,0,25,514,0,514,7395,400,49731,0.2,27.3,28,30.1,32.1,31,2339.3,2158,2434.7,2674.1,2616.1,519.3,459.8,430.4,477.9,469.3,0.2,0.3,0.2,0.2,0.2,Indiana
2020-04-11,1542,0,1542,20,0,20,486,0,486,7881,420,51273,0.3,24.7,29.2,31.6,31.8,32.2,1656,2237.6,2555.6,2605.3,2691.4,439.7,433.8,429.7,480.7,468,0.3,0.2,0.2,0.2,0.2,Indiana
2020-04-12,699,0,699,29,0,29,319,0,319,8200,449,51972,0.5,28,31,32.9,32.6,33.6,1904,2413.4,2588.4,2570.5,2756.9,365.7,405.6,451.9,481.9,474.4,0.3,0.2,0.2,0.2,0.2,Indiana
2020-04-13,3471,0,3471,35,0,35,292,0,292,8492,484,55443,0.1,36.7,33.6,32.4,32.9,34.3,2599.3,2528.6,2767.6,2789.5,2840,342.7,418.2,457.7,472.3,486.2,0.2,0.2,0.2,0.2,0.2,Indiana
2020-04-14,3628,0,3628,46,0,46,417,0,417,8909,530,59071,0.1,39.7,36.4,34,34.5,34.6,3467.3,3020.8,2974.6,2887.9,2879.7,428.7,440.8,456.4,460.4,495,0.1,0.2,0.2,0.2,0.2,Indiana
2020-04-15,3303,0,3303,38,0,38,577,0,577,9486,568,62374,0.2,39.3,37.8,35.1,35.4,35.3,3644.7,3716.2,3007.1,2963.6,2914.7,531,478,466.4,472.5,502.8,0.1,0.1,0.2,0.2,0.2,Indiana
2020-04-16,4003,0,4003,34,0,34,599,0,599,10085,602,66377,0.1,36,36.4,36.3,36,35.3,3827.3,3376,3066.4,3055.2,2950.7,560.3,530.8,489.3,487.3,522.8,0.1,0.2,0.2,0.2,0.2,Indiana
2020-04-17,4176,0,4176,36,0,36,505,0,505,10590,638,70553,0.1,32.7,34.6,36.7,36,36.1,3316.3,2873.2,3196.4,3114.3,3064,553.3,543.2,502.1,496.7,525.5,0.2,0.2,0.2,0.2,0.2,Indiana
2020-04-18,1770,0,1770,28,0,28,556,0,556,11146,666,72323,0.3,33.7,34.6,37.1,37.1,36,2353.3,3088.8,3235.3,3090.5,3172.3,513.3,504.2,496.6,504,533.7,0.3,0.2,0.2,0.2,0.2,Indiana
2020-04-19,1114,0,1114,37,0,37,479,0,479,11625,703,73437,0.4,34.3,37.6,38.9,38,36.7,2421.7,3068.2,3323.1,3111.1,3283.1,472.3,460,500.4,534.7,544.4,0.3,0.2,0.2,0.2,0.2,Indiana
2020-04-20,4381,0,4381,38,0,38,382,0,382,12007,741,77818,0.1,41.3,40.4,39.4,38.9,37.1,3131.7,3016.6,3386.6,3384.8,3429.8,413,479.8,506.9,554.3,555.4,0.2,0.2,0.2,0.2,0.2,Indiana
2020-04-21,3900,0,3900,49,0,49,378,0,378,12385,790,81718,0.1,45.7,42.4,39.6,38.8,37.6,4066.3,3552,3309.3,3490.5,3619.9,454.7,497.4,534.4,574.5,562,0.1,0.2,0.2,0.2,0.2,Indiana
2020-04-22,3918,0,3918,50,0,50,604,0,604,12989,840,85636,0.2,45.7,42.4,41.4,38.6,38.8,4088.3,4056.2,3395,3608.7,3705,542,541.2,544.1,589.8,569,0.1,0.1,0.2,0.2,0.2,Indiana
2020-04-23,4447,0,4447,38,0,38,644,0,644,13633,878,90083,0.1,41.7,43,41,39.1,38.9,4000,3654,3500.4,3777,3759.3,648.7,589.6,610.9,603.9,580.9,0.2,0.2,0.2,0.2,0.2,Indiana
2020-04-24,3635,0,3635,37,0,37,698,0,698,14331,915,93718,0.2,38.7,40,41.6,39.2,39,3484,3244.4,3560.9,3958.1,3872.3,655.3,703.2,644,607.4,591.9,0.2,0.3,0.2,0.2,0.2,Indiana
2020-04-25,2370,0,2370,41,0,41,624,0,624,14955,956,96088,0.3,37.3,38.4,39.4,39.7,38.7,2619,3421.6,3726.1,3901.7,4013.3,756,705.2,674.9,616,611.6,0.3,0.2,0.2,0.2,0.2,Indiana
2020-04-26,1852,0,1852,34,0,34,946,0,946,15901,990,97940,0.5,39,37.6,38.4,40,38.9,3008.7,3543.6,3937.9,3906.3,4142.3,728,695.2,681,616.8,613.7,0.3,0.2,0.2,0.2,0.2,Indiana
2020-04-27,4804,0,4804,42,0,42,614,0,614,16515,1032,102744,0.1,36.7,38.8,39.4,40.1,38.9,3904.3,3896.6,4135.1,4221.7,4269.4,718,685,701.7,619.7,615.3,0.3,0.2,0.2,0.2,0.2,Indiana
2020-04-28,5057,0,5057,34,0,34,594,0,594,17109,1066,107801,0.1,39.7,39.6,39.3,40.1,38.4,5087,4588.2,4575.7,4368.9,4390.9,618.3,718,695,649.7,619.2,0.1,0.2,0.2,0.2,0.2,Indiana
2020-04-29,5400,0,5400,43,0,43,647,0,647,17756,1109,113201,0.1,40.7,40,39.7,39.7,38.6,5428.3,5561.6,4713,4509.7,4466.1,676.7,659,696.4,665.9,611.2,0.1,0.1,0.2,0.2,0.2,Indiana
2020-04-30,5828,0,5828,45,0,45,789,0,789,18545,1154,119029,0.1,41.3,40.4,39.4,38.6,38.4,5982.3,5267,4711.1,4693.3,4476.1,695.7,663,642.4,667.9,610.3,0.1,0.1,0.2,0.2,0.2,Indiana
2020-05-01,6719,0,6719,36,0,36,651,0,651,19196,1190,125748,0.1,41.7,40,38.9,37.7,38.6,5292.7,4623.4,4859.7,4845.2,4608.9,691.3,657.8,629.4,664.1,616.2,0.1,0.2,0.2,0.2,0.2,Indiana
2020-05-02,3331,0,3331,44,0,44,634,0,634,19830,1234,129079,0.2,37.3,39,39.4,37.4,38,3963,4712.2,5078.6,4826.3,4758.4,617.7,633,663.3,643.3,616,0.2,0.2,0.2,0.2,0.2,Indiana
2020-05-03,1839,0,1839,32,0,32,568,0,568,20398,1266,130918,0.3,38,37.6,39.4,36.9,37,3671.3,4864.4,5166,4756.5,4919,575,641.4,659.6,632.4,615.9,0.2,0.2,0.2,0.2,0.2,Indiana
2020-05-04,5844,0,5844,38,0,38,523,0,523,20921,1304,136762,0.1,36,39,37.9,37.4,37.1,4757.3,4723,5286.6,5111,5097.3,640.7,635.4,637.4,603.1,613,0.2,0.2,0.1,0.1,0.2,Indiana
2020-05-05,6589,0,6589,38,0,38,831,0,831,21752,1342,143351,0.1,39.7,37,36.3,37.1,36.9,6148.3,5391.2,5287.6,5260,5390,658.3,635.4,628.3,587.1,610,0.1,0.1,0.1,0.1,0.2,Indiana
2020-05-06,6012,0,6012,43,0,43,621,0,621,22373,1385,149363,0.1,38.3,35.6,34.6,36.7,36.3,6424.3,6368.6,5290.4,5408.9,5429,695.3,639.2,593,587.5,603.7,0.1,0.1,0.1,0.1,0.1,Indiana
2020-05-07,6672,0,6672,34,0,34,634,0,634,23007,1419,156035,0.1,34,34.4,34.9,36.6,36.1,6470,5870,5216.7,5595.1,5432.4,614,612,577.6,583.4,581.6,0.1,0.1,0.1,0.1,0.1,Indiana
2020-05-08,6726,0,6726,25,0,25,587,0,587,23594,1444,162761,0.1,30.3,33.6,35.3,35.7,36,5583,4816.8,5406.1,5858.7,5602.5,536,537.8,575.3,573,573.8,0.1,0.1,0.1,0.1,0.1,Indiana
2020-05-09,3351,0,3351,32,0,32,387,0,387,23981,1476,166112,0.1,30.3,33.2,35.3,35.2,35.7,3800,5048.4,5470.4,5623.2,5701.3,478,515,509.9,562.5,571.7,0.2,0.1,0.1,0.1,0.1,Indiana
2020-05-10,1323,0,1323,34,0,34,460,0,460,24441,1510,167435,0.3,35.7,34,33,34.3,35.1,3948,5121.8,5653.1,5529.5,5767,451.3,462.8,507,552.3,571.5,0.2,0.1,0.1,0.1,0.1,Indiana
2020-05-11,7170,0,7170,41,0,41,507,0,507,24948,1551,174605,0.1,37.7,34.4,34.1,34.7,34.8,5177.3,5234.8,5870.3,5965.3,5856.1,446.7,465.6,500,544.4,555.8,0.2,0.1,0.1,0.1,0.1,Indiana
2020-05-12,7039,0,7039,38,0,38,373,0,373,25321,1589,181644,0.1,35.3,36.4,35.1,34.1,33.9,7166.7,6203,6306.9,6051.1,5933.8,493.7,505.2,506.6,546.2,548,0.1,0.1,0.1,0.1,0.1,Indiana
2020-05-13,7291,0,7291,27,0,27,601,0,601,25922,1616,188935,0.1,35.7,36,34.6,33.7,33,7507.3,7894.8,6283.4,6063.7,5911.1,519.7,539.8,521.7,533.7,540.3,0.1,0.1,0.1,0.1,0.1,Indiana
2020-05-14,8192,0,8192,42,0,42,585,0,585,26507,1658,197127,0.1,33.7,33.4,34,33.3,32.1,8421.7,7098.2,6369.4,6176.3,5912.7,606.3,537,524.7,522.9,529.4,0.1,0.1,0.1,0.1,0.1,Indiana
2020-05-15,9782,0,9782,32,0,32,633,0,633,27140,1690,206909,0.1,34,31.8,33.7,32.2,31.3,7053.7,6075.4,6541.7,6288.1,5721.3,570.3,558.6,516.6,513.1,521.5,0.1,0.1,0.1,0.1,0.1,Indiana
2020-05-16,3187,0,3187,28,0,28,493,0,493,27633,1718,210096,0.2,30,34.2,32.4,32.1,30.4,4964.7,6292.4,6554.9,6030.1,5787.5,535.7,528.4,541.9,505.5,498.5,0.2,0.1,0.1,0.1,0.1,Indiana
2020-05-17,1925,0,1925,30,0,30,481,0,481,28114,1748,212021,0.2,32.3,31.6,33,31,29,4496,6080.2,6481.7,5931.5,5811.8,474.7,521.4,547.9,502.3,497.3,0.2,0.1,0.1,0.1,0.1,Indiana
2020-05-18,8376,0,8376,39,0,39,450,0,450,28564,1787,220397,0.1,32.7,31.4,32.3,30.1,28.3,5810.7,5479.6,6411.6,5964.9,5836,493.7,523.4,529.9,495.5,489.9,0.1,0.1,0.1,0.1,0.1,Indiana
2020-05-19,7131,0,7131,29,0,29,550,0,550,29114,1816,227528,0.1,33,33.2,30.3,28.7,28.1,7428.7,6382.4,6206.9,6018.9,5888.4,547.7,516.6,509.1,484.9,488.6,0.1,0.1,0.1,0.1,0.1,Indiana
2020-05-20,6779,0,6779,31,0,31,643,0,643,29757,1847,234307,0.1,32.3,30.8,29.7,27.1,27.6,7203.7,7667.2,6159.6,5984.4,5866.6,550.7,518,506.3,499.7,486.3,0.1,0.1,0.1,0.1,0.1,Indiana
2020-05-21,7701,0,7701,37,0,37,459,0,459,30216,1884,242008,0.1,28.7,27.8,27.6,26.5,26.7,7609.7,6563.2,6152,5977.1,5890.3,530,522.6,485.9,491.5,477.8,0.1,0.1,0.1,0.1,0.1,Indiana
2020-05-22,8349,0,8349,18,0,18,488,0,488,30704,1902,250357,0.1,26.3,25,25,25.1,25.7,6302,5511.4,5216,5952.7,5935.8,473.3,480.2,472.7,489.8,473.2,0.1,0.1,0.1,0.1,0.1,Indiana
2020-05-23,2856,0,2856,24,0,24,473,0,473,31177,1926,253213,0.2,19,23,23.6,24.3,24.6,4359,4520.4,5337.1,5493.4,5872.6,433,423.2,443.9,470.3,478.2,0.1,0.1,0.1,0.1,0.1,Indiana
2020-05-24,1872,0,1872,15,0,15,338,0,338,31515,1941,255085,0.2,20,19.4,21.1,23.5,24.5,2184,4576,5300.4,5402.3,5847,389.7,401,437.1,456.1,469.9,0.2,0.1,0.1,0.1,0.1,Indiana
2020-05-25,1824,0,1824,21,0,21,358,0,358,31873,1962,256909,0.2,18.3,18.6,18.4,22.9,23.5,3891.7,4210.6,5226.1,5815.7,5789.1,348,422.6,439.9,451.5,465.9,0.1,0.1,0.1,0.1,0.1,Indiana
2020-05-26,7979,0,7979,19,0,19,348,0,348,32221,1981,264888,0,18,17.4,18.9,21.3,23,5441.7,5075.6,5151.4,5638.1,5701,434,423.6,450,453.3,455.7,0.1,0.1,0.1,0.1,0.1,Indiana
2020-05-27,6522,0,6522,14,0,14,596,0,596,32817,1995,271410,0.1,17,18.6,18.4,20.9,22,7227.3,6266.4,5156.7,5612.9,5726.1,474,467.8,431,445,451.4,0.1,0.1,0.1,0.1,0.1,Indiana
2020-05-28,7181,0,7181,18,0,18,478,0,478,33295,2013,278591,0.1,17.7,18.6,18.6,20.3,21.3,7176.3,6480.2,5149.4,5626.1,5729.3,544.3,464.2,422.9,435.5,439.6,0.1,0.1,0.1,0.1,0.1,Indiana
2020-05-29,7826,0,7826,21,0,21,559,0,559,33854,2034,286417,0.1,20,18,18.4,19.3,20.2,5966.7,5248.6,6049.7,5641.5,5792.3,459,450.8,430.4,432.9,436.5,0.1,0.1,0.1,0.1,0.1,Indiana
2020-05-30,2893,0,2893,21,0,21,340,0,340,34194,2055,289310,0.1,19.3,19.2,17.9,18.6,20,4180,5569.4,5725.7,5332.5,5767,393.3,413.8,448.9,427.2,424.9,0.1,0.1,0.1,0.1,0.1,Indiana
2020-05-31,1821,0,1821,16,0,16,281,0,281,34475,2071,291131,0.2,19,18.6,19.3,18,19.3,4280,5275.4,5758.9,5274.9,5826.5,344,413.6,424.6,411.2,413.1,0.1,0.1,0.1,0.1,0.1,Indiana
2020-06-01,8126,0,8126,20,0,20,411,0,411,34886,2091,299257,0.1,17,19.2,19.9,18.1,18.3,5219.3,5061,5729.6,5796.7,5929,389.7,387,427.9,414.4,411,0.1,0.1,0.1,0.1,0.1,Indiana
2020-06-02,5711,0,5711,15,0,15,477,0,477,35363,2106,304968,0.1,19.7,19.4,19.9,18.3,18,6863.7,5877.6,5744.7,6115.1,6011.9,438,419.2,408,410.9,407,0.1,0.1,0.1,0.1,0.1,Indiana
2020-06-03,6754,0,6754,24,0,24,426,0,426,35789,2130,311722,0.1,20.3,20.4,18,18.1,17.3,6480.3,7099.8,5862.1,6118.3,6111,468,447,416.9,414.1,403,0.1,0.1,0.1,0.1,0.1,Indiana
2020-06-04,6976,0,6976,22,0,22,501,0,501,36290,2152,318698,0.1,22.3,18,17.9,18.2,17.6,7220.7,6217.6,5886.4,6340.5,6112,449,445.2,410,401.9,402.5,0.1,0.1,0.1,0.1,0.1,Indiana
2020-06-05,7932,0,7932,21,0,21,420,0,420,36710,2173,326630,0.1,17,18,17.3,17.9,17.2,6207.7,5473.6,6111.3,6534.4,6567.6,441,396.4,406.4,397.1,405.1,0.1,0.1,0.1,0.1,0.1,Indiana
2020-06-06,3715,0,3715,8,0,8,402,0,402,37112,2181,330345,0.1,14.7,16.4,18.6,17.1,16.9,4546,6062.8,6238.3,6341.7,6654.8,351.7,388.4,382,385.7,399.9,0.1,0.1,0.1,0.1,0.1,Indiana
2020-06-07,1991,0,1991,15,0,15,233,0,233,37345,2196,332336,0.1,13,16.8,17.6,17,17,5135.3,5987.6,6420.1,6275.1,6827.3,340.3,349.4,377.6,384.9,397.7,0.1,0.1,0.1,0.1,0.1,Indiana
2020-06-08,9700,0,9700,16,0,16,386,0,386,37731,2212,342036,0,18.3,16,16.6,16.8,17.3,6097,6006.6,6831.3,6913.2,6967.7,308.3,344.4,365.1,393.7,392.4,0.1,0.1,0.1,0.1,0.1,Indiana
2020-06-09,6600,0,6600,24,0,24,306,0,306,38037,2236,348636,0,19,17.4,15.4,16.3,16.9,8109,7234.4,7139.6,7025.5,7081.8,362.3,346.8,363,382.1,384,0,0.1,0.1,0.1,0.1,Indiana
2020-06-10,8027,0,8027,17,0,17,395,0,395,38432,2253,356663,0,18.7,17,15.6,16.5,16.4,8160.3,8854.2,7314,7321.1,7153.3,371.7,381.2,361.1,387,385.4,0,0,0.1,0.1,0.1,Indiana
2020-06-11,9854,0,9854,15,0,15,414,0,414,38846,2268,366517,0,15,15.6,16.3,16.4,16.1,9323.7,7901.4,7300,7546.1,7154.3,404.7,381.8,374.6,383.1,383.9,0,0.1,0.1,0.1,0.1,Indiana
2020-06-12,10090,0,10090,13,0,13,405,0,405,39251,2281,376607,0,12.3,14.8,15.9,15.8,15.9,8293.3,6960,7541.9,7762.5,7274.1,402.7,386,378.6,375.1,378.8,0.1,0.1,0.1,0.1,0.1,Indiana
2020-06-13,4936,0,4936,9,0,9,389,0,389,39640,2290,381543,0.1,14,14,14.3,15.1,15.4,5639.7,7633.2,8000.4,7526.7,7461.8,373.7,389.8,368.7,371.9,369,0.1,0.1,0.1,0.1,0.1,Indiana
2020-06-14,1893,0,1893,20,0,20,327,0,327,39967,2310,383436,0.2,14,13.6,14.3,15.3,14.7,6074,7624.4,8303,7401.8,7573,376.7,354.4,390.9,361.6,373,0.1,0.1,0.1,0.1,0.1,Indiana
2020-06-15,11393,0,11393,13,0,13,414,0,414,40381,2323,394829,0,15.3,14.4,15.4,15.2,14.2,7698.7,7635.4,8342.3,7978.5,7683.3,326,383.4,384.3,366.3,370.4,0.1,0.1,0.1,0.1,0.1,Indiana
2020-06-16,9810,0,9810,13,0,13,237,0,237,40618,2336,404639,0,14.3,17.2,15.4,14.5,13.8,10449.3,8674,8361.1,7975.3,7769.2,400.3,379.2,380.9,358.7,373.1,0,0.1,0.1,0.1,0.1,Indiana
2020-06-17,10145,0,10145,17,0,17,550,0,550,41168,2353,414784,0.1,17.7,15.8,15.6,13.5,13.9,10028,10339.8,8283.9,8141.3,7785.2,385,390,378.3,372.4,370.5,0,0,0.1,0.1,0.1,Indiana
2020-06-18,10129,0,10129,23,0,23,368,0,368,41536,2376,424913,0,17.7,15.2,14.3,13.2,13.6,10165.3,8940.2,8276.6,8225.7,7831.8,433,381.4,367,375.7,373.7,0,0,0.1,0.1,0.1,Indiana
2020-06-19,10222,0,10222,13,0,13,381,0,381,41917,2389,435135,0,15.3,14.8,14.4,12.9,13.2,8248.7,7346.6,8169.1,8217.7,7856.2,373.3,383.6,351.3,379.9,373,0.1,0.1,0.1,0.1,0.1,Indiana
2020-06-20,4395,0,4395,10,0,10,371,0,371,42288,2399,439530,0.1,11.3,14.2,13.3,12.7,12.4,5486.3,7445.8,8146.7,7815.2,7959.5,333.3,334.4,356.3,376.1,375.3,0.1,0.1,0.1,0.1,0.1,Indiana
2020-06-21,1842,0,1842,11,0,11,248,0,248,42536,2410,441372,0.1,11.7,10.6,12.3,12.8,12.1,5626,7350.6,7996,7684,7952.1,307.7,315.2,350.7,370.2,377.5,0.1,0.1,0.1,0.1,0.1,Indiana
2020-06-22,10641,0,10641,14,0,14,304,0,304,42840,2424,452013,0,10,10,10.7,12,11.8,7378.7,7124.2,7876.4,8238.7,7916.2,274.7,341.2,361.7,373.1,382.9,0.1,0.1,0.1,0.1,0.1,Indiana
2020-06-23,9653,0,9653,5,0,5,272,0,272,43112,2429,461666,0,9.7,10.4,10.4,11.6,11.6,9794.7,8103.6,7806.9,8063.7,7682.6,362.3,356,375.4,369.2,387.2,0,0.1,0.1,0.1,0.1,Indiana
2020-06-24,9090,0,9090,10,0,10,511,0,511,43623,2439,470756,0.1,9,10.4,10.4,11.5,11.6,9345,9682.2,7757.9,7934.5,7547.1,409.3,401.8,372.1,382.7,396.8,0,0,0.1,0.1,0.1,Indiana
2020-06-25,9292,0,9292,12,0,12,445,0,445,44068,2451,480048,0,11,9.6,10.3,10.9,11.1,9372.3,8364.4,7918.7,7864.9,7585.3,477.7,410.6,379.6,381.3,396.2,0.1,0.1,0.1,0.1,0.1,Indiana
2020-06-26,9735,0,9735,11,0,11,477,0,477,44545,2462,489783,0,11,10.6,9.4,9.9,11.2,7693,7027.4,7857.6,7535.2,7575.8,423.3,416.2,389,389.8,390.8,0.1,0.1,0.1,0.1,0.1,Indiana
2020-06-27,4052,0,4052,10,0,10,348,0,348,44893,2472,493835,0.1,10.3,10.2,9.7,9.6,10.9,5585,7252,7731.3,6993.1,7573.5,375,388,401,403.7,400.7,0.1,0.1,0.1,0.1,0.1,Indiana
2020-06-28,2968,0,2968,10,0,10,300,0,300,45193,2482,496803,0.1,9.3,9.2,9.9,9.7,10.4,5744.3,7147.4,7557.3,6879.8,7501.1,339.3,370.2,390.9,399.9,398.2,0.1,0.1,0.1,0.1,0.1,Indiana
2020-06-29,10213,0,10213,8,0,8,370,0,370,45563,2490,507016,0,8.3,9.2,9.3,9.9,9.8,7316.7,6774.8,7529.9,7503.3,7427,342,362.8,402.7,403.4,415,0.1,0.1,0.1,0.1,0.1,Indiana
2020-06-30,8769,0,8769,7,0,7,356,0,356,45919,2497,515785,0,8.7,8.8,9,9.3,9.5,8951.3,7784.4,6879.7,7444.6,7407.7,388.7,398.8,405.4,412.8,432.9,0,0.1,0.1,0.1,0.1,Indiana
2020-07-01,7872,0,7872,11,0,11,440,0,440,46359,2508,523657,0.1,8.7,8.6,8.7,9.5,9.4,8580.3,8227.6,6599.6,7376.1,7414.9,441.3,438,439.9,427.9,441.2,0.1,0.1,0.1,0.1,0.1,Indiana
2020-07-02,9100,1,9099,8,0,8,528,0,528,46887,2516,532757,0.1,9.3,8.6,8.9,9.5,9.5,7385.3,6603.2,6560.6,7341.6,7464.8,488,481.8,442,441.9,450.7,0.1,0.1,0.1,0.1,0.1,Indiana
2020-07-03,5184,1,5183,9,0,9,496,0,496,47383,2525,537941,0.1,8.3,9.4,9.7,9.1,9.2,5458.3,5388.4,6700.7,7376.6,7506.9,537.7,473.6,432,462.7,467,0.1,0.1,0.1,0.1,0.1,Indiana
2020-07-04,2091,0,2091,8,0,8,589,0,589,47972,2533,540032,0.3,9.3,10,9.6,8.9,9.2,3323.3,6052.8,6842.4,7030.7,7551.4,466.7,445.6,444.7,467.3,486.3,0.2,0.1,0.1,0.1,0.1,Indiana
2020-07-05,2695,9,2686,11,0,11,315,0,315,48287,2544,542727,0.1,11,9.6,9,9.1,9.2,5326.7,6185,6950,6953.2,7603.5,401.3,429,453.1,473.8,496.3,0.1,0.1,0.1,0.1,0.1,Indiana
2020-07-06,11194,15,11179,14,0,14,300,0,300,48587,2558,553921,0,10.3,9.2,9.3,9.1,9.1,7883.3,6873.2,6874.7,7523.6,7714.3,353.3,429.6,480.6,496.9,510.2,0.1,0.1,0.1,0.1,0.1,Indiana
2020-07-07,9761,15,9746,6,0,6,445,0,445,49032,2564,563682,0,9,9.6,9,8.9,9,9860,8169.6,7536.6,7548.6,7823.1,414.7,455.8,517.9,517.4,527.2,0,0.1,0.1,0.1,0.1,Indiana
2020-07-08,8625,6,8619,7,0,7,499,0,499,49531,2571,572307,0.1,7.7,8.8,9,9.1,8.8,8986.3,9594,7887.3,7643,7857.3,554.7,544.2,511.7,541.7,554,0.1,0.1,0.1,0.1,0.1,Indiana
2020-07-09,8573,43,8530,10,0,10,720,0,720,50251,2581,580880,0.1,8,7.6,9.3,8.9,8.6,9005,8264.4,7915.1,7892.7,7855.4,658.7,593.4,530.4,561.6,570.2,0.1,0.1,0.1,0.1,0.1,Indiana
2020-07-10,9817,2,9815,7,0,7,757,0,757,51008,2588,590697,0.1,8.3,9,8.6,8.9,8.9,7645.3,6890.2,7962.3,8087.4,7954.5,674.3,593.6,579.9,582,586.7,0.1,0.1,0.1,0.1,0.1,Indiana
2020-07-11,4546,0,4546,8,0,8,546,0,546,51554,2596,595243,0.1,9.3,9.4,8.4,8.7,8.9,5751,7470,8080.4,8059.9,8090.2,583,623,613.1,609.6,604.8,0.1,0.1,0.1,0.1,0.1,Indiana
2020-07-12,2890,0,2890,13,1,12,446,0,446,52000,2609,598133,0.2,10,8.4,8.9,8.7,9,6320,7873,8303.3,8115.6,8211.2,546,614.6,644.9,613.1,628.6,0.1,0.1,0.1,0.1,0.1,Indiana
2020-07-13,11524,4,11520,9,1,8,646,0,646,52646,2618,609657,0.1,9,9,8.7,8.8,9,8334,7946.6,8738.3,8755.5,8243.1,590,607.4,647.4,639.7,651,0.1,0.1,0.1,0.1,0.1,Indiana
2020-07-14,10588,20,10568,5,0,5,678,0,678,53324,2623,620245,0.1,8,9.2,8.9,8.4,8.8,10765.7,9361,9053,8783.9,8379.8,681.7,645.8,658.4,668.9,671.1,0.1,0.1,0.1,0.1,0.1,Indiana
2020-07-15,10185,42,10143,10,0,10,721,0,721,54045,2633,630430,0.1,8,8.2,8.6,8.8,8.7,10797,11187,9085.1,8827.4,8374.2,712.3,723.4,710.4,701.8,683.1,0.1,0.1,0.1,0.1,0.1,Indiana
2020-07-16,11618,11,11607,9,0,9,738,0,738,54783,2642,642048,0.1,9,7.6,7.7,8.9,8.6,11274.3,9836.4,9090.4,8903.7,8281.9,764.3,776.2,738.3,735.1,694.4,0.1,0.1,0.1,0.1,0.1,Indiana
2020-07-17,12020,16,12004,8,0,8,834,0,834,55617,2650,654068,0.1,7.7,8,8.3,8.6,8,9469.7,8304.2,9200.4,8869.1,7756.6,827.3,768.8,748.1,748.4,718.6,0.1,0.1,0.1,0.1,0.4,Indiana
2020-07-18,4771,13,4758,6,0,6,910,0,910,56527,2656,658839,0.2,7,8.6,8.7,8.5,NA,6572.7,8726,9347.9,8346.3,NA,795,767.6,756.6,753.9,NA,0.2,0.1,0.1,0.1,NA,Indiana
2020-07-19,2927,5,2922,7,1,6,641,0,641,57168,2663,661766,0.2,8.7,8.4,9,8.5,NA,6664,8726.4,9380.4,8093.5,NA,755.3,767.4,787.7,754.3,NA,0.2,0.1,0.1,0.2,NA,Indiana
2020-07-20,12294,291,12003,13,0,13,715,0,715,57883,2676,674060,0.1,9.3,9.2,8.9,7.7,NA,8947,8405,9116.3,7911.7,NA,697.7,788.4,825,778.5,NA,0.1,0.1,0.1,0.5,NA,Indiana
2020-07-21,11620,470,11150,8,0,8,737,0,737,58620,2684,685680,0.1,11,9.6,8.6,NA,NA,11442.3,9404.6,8549.9,NA,NA,797,806.2,837.1,NA,NA,0.1,0.1,0.1,NA,NA,Indiana
2020-07-22,10413,576,9837,12,0,12,939,0,939,59559,2696,696093,0.1,9.3,9.4,8.6,NA,NA,10600.7,10430.2,8150.3,NA,NA,891.7,861.8,827.1,NA,NA,0.1,0.1,0.2,NA,NA,Indiana
2020-07-23,9769,1306,8463,8,2,6,999,0,999,60558,2704,705862,0.1,8.7,8,8.7,NA,NA,9412.3,8366.2,7840,NA,NA,952.3,886.8,814.4,NA,NA,0.1,0.2,0.2,NA,NA,Indiana
2020-07-24,8055,4337,3718,6,2,4,919,0,919,61477,2710,713917,0.1,6.7,8,7,NA,NA,6599.3,6193.2,6107,NA,NA,919.3,849.8,827.9,NA,NA,0.2,0.3,0.9,NA,NA,Indiana
2020-07-25,1974,1102,872,6,1,5,840,0,840,62317,2716,715891,0.4,6.7,5.8,NA,NA,NA,3594.7,4143.2,NA,NA,NA,770.3,823.8,NA,NA,NA,0.4,1.3,NA,NA,NA,Indiana
2020-07-26,755,631,124,8,7,1,552,0,552,62869,2724,716646,0.7,5,NA,NA,NA,NA,964,NA,NA,NA,NA,733.7,NA,NA,NA,NA,2,NA,NA,NA,NA,Indiana
2020-07-27,163,163,0,1,1,0,809,809,0,63678,2725,716809,5,NA,NA,NA,NA,NA,NA,NA,NA,NA,NA,NA,NA,NA,NA,NA,NA,NA,NA,NA,NA,Indiana